cluster_id,centroid_lat,centroid_lon,n_hotspots,max_T21_K,SO2_mean_DU,SO2_max_DU,SO2_obs_count,SO2_confirmed,verdict
0,5.089236808063377,6.513347256919106,2,349.29998779296875,0.071,4.263,46.0,True,CONFIRMED refinery (episodic)
1,5.715239931554282,6.528333248021643,12,348.8999938964844,0.027,3.991,60.4,True,CONFIRMED refinery (episodic)
2,5.282093870622787,6.813159982993996,2,341.0,0.106,3.451,52.6,True,CONFIRMED refinery (episodic)
3,5.560586004778109,6.876416350917412,3,332.5,-0.009,2.171,51.1,False,unconfirmed
4,5.037864402752792,6.947907275611924,2,341.79998779296875,-0.016,3.07,45.6,True,CONFIRMED refinery (episodic)
5,5.307443205046535,7.007196084363812,4,346.29998779296875,0.129,4.391,50.4,True,CONFIRMED refinery (episodic)
6,5.239985341679684,7.068618391915486,3,338.29998779296875,0.064,3.211,48.7,True,CONFIRMED refinery (episodic)
7,5.187097834625012,7.15473790533457,15,346.8999938964844,0.048,2.767,47.6,False,unconfirmed
